,000001.XSHG,000016.XSHG,000300.XSHG,399673.XSHE,000905.XSHG,000036.XSHG,000808.XSHG,399359.XSHE
2012-07-01,11.298463575113896,9.407014218325797,10.546732795173968,,29.400407811785392,28.275266725062007,31.881963090299735,15.145058982763532
2012-07-08,11.290583956958562,9.432636227045485,10.699849536055387,,28.155975701829636,29.277372844882237,31.96976307960349,14.764642716433189
2012-07-15,11.092339457006332,9.251369124513014,10.54483781786383,,27.82720259791454,29.377035602794148,32.478157896532345,14.631140675992798
2012-07-22,11.026979904416173,9.232239461756588,10.437580088455777,,27.349918873042068,27.77080972499695,31.76871187123524,14.555634681416647
2012-07-29,10.827626920906502,9.097957339107642,10.249144889281027,,26.713086100023098,27.491678104036662,30.736915985969322,14.209667072714266
2012-08-05,10.868851843673436,9.178188647891103,10.326071571615442,,26.622132159230922,27.18831489387532,31.530266047637095,14.214701847995306
2012-08-12,11.016380833165542,9.21696015900255,10.437469226658953,,27.756333092703972,26.816156801510534,32.547008747214115,14.329320541638124
2012-08-19,10.784972567855876,9.047786170892307,10.18567958884695,,27.13038653530643,25.345656714032604,31.236834015625224,13.883473168752033
2012-08-26,10.740200543465257,9.017795480565098,10.094265119828012,,27.233468656980126,25.70589577459462,31.31403126770235,13.739947850857734
2012-09-02,10.511548542517646,8.810206289395026,9.830201402686983,,27.711001228627786,24.539189713227046,30.426687569968372,13.47710803822402
2012-09-09,10.886700996853161,9.08479538964402,10.181037771348874,,29.453572949247295,26.26805120960334,32.01314130774953,14.044021253862844
2012-09-16,10.85765420515123,9.061724929948607,10.155295260977699,,29.501232369794323,26.200148009161413,31.996761306571123,13.816786664095433
2012-09-23,10.380165856556026,8.7227075971668,9.711717379796237,,27.766226642412704,24.74579358088021,30.46013350772522,13.182896124078535
2012-09-30,10.687008590337815,9.007248220019655,10.053807203175642,,28.261118412996595,25.83157631915158,31.050158039561055,13.594554702258241
2012-10-07,10.687008590337815,9.007248220019655,10.053807203175642,,28.261118412996595,25.83157631915158,31.050158039561055,13.594554702258241
2012-10-14,10.802780806038918,9.065507834578497,10.140471490962872,,28.644626663157837,25.820125825402954,31.741735236924075,13.71014004768362
2012-10-21,10.915295271971514,9.1648040748495,10.241910632274124,,29.193744681755643,26.619633962513944,32.540703642196895,13.718290072592172
2012-10-28,10.616957659264013,8.92473662666444,9.932131265649097,,28.78865916430822,23.473226244748744,30.662853636144114,13.268365938009627
2012-11-04,10.951114026898269,9.117727938671853,10.200237003238398,,31.595168689148895,23.920681595251295,31.529767998439826,12.915089671535556
2012-11-11,10.734246697650777,8.967526193207602,10.000005008434218,,30.326731283213405,22.898048467683513,30.385670034000416,12.649537715657221
2012-11-18,10.461382665534341,8.779441809805494,9.753611430788345,,29.259499807484623,21.90501347674095,29.49469095142798,12.404085776976055
2012-11-25,10.517711899159918,8.835190854450609,9.79696149878402,,29.21874892396106,21.634371155936968,28.99175491574212,12.629337313128117
2012-12-02,10.308932963736925,8.779603291643584,9.650713099173647,,27.40050653520901,20.68310715831929,27.7884194847832,12.475254907970857
2012-12-09,10.736796589084824,9.123173755931003,10.034512115333271,,28.722002335855073,20.219278254574572,28.45464078858518,13.026703440993963
2012-12-16,11.205096951594628,9.535598503446657,10.481005593821079,,29.84769540989949,21.083868785452147,29.023082759817523,13.395252547409603
2012-12-23,11.200784318392087,9.511931699614156,10.47871985663277,,30.23602102849533,21.511386640030956,28.929750771516236,13.259777263029594
2012-12-30,11.610517847117858,9.832122108276922,10.855961409149078,,31.77871106123602,22.045237002830856,30.355444190574172,13.74332514988028
2013-01-06,11.888795879757494,10.06222660990444,11.016239692388583,,29.181323385871373,21.895947692234934,29.66314406031665,13.505979303119275
2013-01-13,11.694173183917203,9.810367454637351,10.823191220074422,,29.237303308876985,22.510718395540955,30.860280212695525,13.158309221970741
2013-01-20,12.030384279102611,9.977138624856307,11.114933135045348,,30.94755704996246,23.05356044954384,33.27540354537649,13.67615060792494
2013-01-27,11.94729188056119,9.986457899542645,11.050266660884596,,30.041847329642774,21.938909743647944,33.18803635406154,13.259475868682754
2013-02-03,12.641858798921472,10.674580881492997,11.724891752255239,,31.2193123412731,21.71962378461788,33.71644557618931,13.76573650506711
2013-02-10,12.658499008613077,10.59908074559009,11.73465316053146,,32.121611655764475,22.640491504482522,35.126328614123175,14.058484436346678
2013-02-17,12.658499008613077,10.59908074559009,11.73465316053146,,32.121611655764475,22.640491504482522,35.126328614123175,14.058484436346678
2013-02-24,12.034145292354104,9.954184183852128,11.082498982630385,,31.595935102984946,22.89210981042439,35.44158703342025,13.616257180239336
2013-03-03,12.251024011154014,10.110528746723853,11.271705679946738,,32.76627125051123,22.315846048064603,36.19470026816651,13.80015009371949
2013-03-10,12.021304062667697,9.905122531565958,11.031882507421399,,32.08022093540789,23.009929278407874,35.754770808302595,13.740891483076606
2013-03-17,11.84500549197776,9.78312879883146,10.899339149962318,,30.827858252258892,22.18990065144322,35.05677237165481,13.510648575761449
2013-03-24,12.081311320586003,9.935032238493145,11.107546018432387,,31.867384110168487,22.24298427078898,35.91804832143544,13.534918277418631
2013-03-31,11.399278890085169,9.267162817029355,10.522618546042391,,30.680511410544888,21.622571198036496,35.240703465757534,13.866055779579247
2013-04-07,11.34993976793575,9.279177852550777,10.507695090570799,,29.987704412562376,21.104474200992794,33.837705635008746,13.717163556205643
2013-04-14,11.231239197536633,9.197309569595518,10.40275754786441,,29.956894103023696,21.243525273494466,32.95080979256085,13.294674644863848
2013-04-21,11.389272861520316,9.321887603443757,10.573747671795575,,30.785465994305003,21.183437990147198,34.570053052560844,13.345514168887528
2013-04-28,10.969559495150223,8.936090219557586,10.181295149552858,,29.660753342347373,20.452053144327117,33.69643219027626,12.445541057216115
2013-05-05,10.956063685529795,8.91299539373548,10.175298009309225,,30.49243324755369,20.512261705294858,33.421623081081755,12.369116961314422
2013-05-12,11.152523748238123,9.001668975860493,10.339337525420058,,31.65117649462306,21.941894229584097,34.226406359351465,12.783730802346104
2013-05-19,11.311982452992115,9.081852050762626,10.497882564224605,,32.751517831151915,21.973221376909496,34.78187430806391,13.039575949324346
2013-05-26,11.30920619601188,9.015104506040624,10.475856271391253,,33.545540962628394,22.327997474495934,34.6052512394849,12.889999849947417
2013-06-02,11.365496603452941,9.035099114639527,10.497684897851128,,33.9939962388267,22.262948341060493,36.01994915897413,13.019820995577097
2013-06-09,10.954455430539776,8.752536328566082,10.126051240785344,,32.012825780024784,21.632326959597773,33.9388201189921,12.39493276945144
2013-06-16,10.717367150027501,8.533394837810734,9.891812642809159,,31.731142981959444,21.42356052548592,34.25682261122055,12.098597746653729
2013-06-23,10.220618605332037,8.183499711198772,9.410717812821368,,30.51426762526954,21.533888529120798,33.429143822356984,11.621731904037256
2013-06-30,9.813246523480084,7.848966889920639,9.049119332597162,,28.74749531677713,20.96476395319672,32.29590540064568,11.125290332762152
2013-07-07,9.971019153814224,7.9665234153724125,9.2021538128248,,28.123223399357627,21.84782209346764,34.05459643006311,11.366785248182818
2013-07-14,10.118138302700816,8.099054204826931,9.344893945816613,,28.505211299397235,21.817738128211598,35.042184723730415,11.546919580358098
2013-07-21,9.884176159750881,7.872800659978905,9.091429666078811,,28.172201287476817,20.983614225212204,34.86445969978447,11.206526655545645
2013-07-28,9.949922081056688,7.857484591439904,9.144860382403776,,28.847438089811497,21.545068742120545,36.393671237146194,11.475589234416011
2013-08-04,10.029191235699523,7.924394068695821,9.215946873006056,,29.04540044992388,21.642288682951648,36.33782246053068,11.378441089285047
2013-08-11,10.121934970259797,7.945177751663508,9.299649483006837,,29.647242917733983,22.048135508480577,37.49230995923174,11.368400159688148
2013-08-18,10.199864805608632,8.0809150227274,9.367636284492484,,29.197936736449503,21.423992137299187,35.15269136942082,11.408509296486331
2013-08-25,10.057956086413016,7.873748730537499,9.217181483175644,,29.555698725068044,21.685548844471118,35.44094544635798,11.15793402407989
2013-09-01,10.030324214024123,7.796581788435542,9.137610355370827,,29.7761197218675,21.552674253647663,34.198921554389614,11.318764146964819
2013-09-08,10.23064269236362,7.942484613108626,9.278411524783126,,30.88238513166887,21.287659635607273,34.86989875814686,11.453263550830865
2013-09-15,10.697054847646465,8.37517841614796,9.727661377284342,,31.475013659691935,21.88703352637665,34.52470379104193,11.934750548098226
2013-09-22,10.484958390278543,8.15333028543197,9.520701847209304,,31.327507952774088,21.219618729847188,34.87354620660865,11.663464368759813
2013-09-29,10.321911036124124,7.9391449544392785,9.378530734305114,,31.34133024402704,21.74688031759468,36.93375002254513,11.29119748195161
2013-10-06,10.389543904349987,7.9617807194007435,9.422746101194269,,31.764803480505652,22.01547991042077,37.072063034780044,11.380170650794424
2013-10-13,10.634709562213004,8.056849248894709,9.603780838384347,,32.972896960151125,22.773111238151944,37.21512037544827,11.820792814623154
2013-10-20,10.462147311885282,7.942536031082932,9.456290105411137,,32.32897816694245,22.81289214135455,36.554288010239354,11.69579284449982
2013-10-27,10.156704544639556,7.784368959153211,9.193068587955096,,30.96591512648704,21.833846046918197,35.08747365040575,11.167137235778316
2013-11-03,9.848521960669823,7.6889942697017934,9.028678714336674,,28.991320678577477,21.040852819205956,33.43123674566298,10.967251925464371
2013-11-10,9.663988963175692,7.553622465081401,8.83779203523184,,28.468834623840642,20.567783677369555,31.685877513493555,10.862797652375034
2013-11-17,9.788733686074782,7.589771736947428,8.937974116979282,,29.32849697262022,21.790899684425987,33.398655888218826,10.803636814031051
2013-11-24,10.074417138915642,7.837017487293669,9.173314581235148,,30.17543193353863,21.723749802610833,33.339086571421454,11.016574514882517
2013-12-01,10.164569025739969,7.833718097782975,9.232877214711001,,31.05446672735264,22.135435909807,34.41520960821583,11.099325483062298
2013-12-08,10.254470682077098,7.9472295364969465,9.327244258452826,,30.80859917518871,21.910517929435137,34.19779422558633,11.281746928015977
2013-12-15,10.051925416101104,7.703445842725545,9.111324073472774,,30.911159180527157,21.80006325913318,34.253572234591815,11.066283968437938
2013-12-22,9.528860013535306,7.451059183183742,8.769323093081985,,28.533902538977475,21.15065414589822,33.287717279197786,10.479729775128854
2013-12-29,9.641638695200442,7.501480145029341,8.87360928303809,,28.9751956887267,21.266514884594933,34.34962413176007,10.460973316628252
2014-01-05,9.566736848369223,7.424773494961912,8.797808430841492,,29.119283253846664,21.006312221369626,35.08705045966236,10.312532597789934
2014-01-12,9.232906463070236,7.246716311639131,8.502081801620543,,27.765091872730284,20.3915741436633,34.08491038407095,9.92397624962553
2014-01-19,9.199791176907635,7.205398674885689,8.4487428567175,,28.082677441855296,20.181981164786734,34.2981895883646,9.78922543994548
2014-01-26,9.405695844937217,7.257397373336425,8.601917012116251,,29.592201334698277,21.074644444047696,35.16208893104837,10.21472450463505
2014-02-02,9.32257271665707,7.163970572512596,8.485223178643146,,29.473811365898975,20.107155834845383,35.03224029875855,10.031577770391817
2014-02-09,9.367723458624337,7.150456045207058,8.501169129016143,,30.02813324419844,20.426935055032164,35.1650015205295,10.080112544094373
2014-02-16,9.693501875329696,7.334899490860846,8.773826443548323,,31.359078621830854,21.329452666881405,36.678546570725395,10.457282334811513
2014-02-23,9.653482020955819,7.321108592516852,8.716536743839217,,31.268681820831258,21.326728135584844,36.97344456488181,10.287015974753109
2014-03-02,9.427915859526221,7.198688048037022,8.471937574913373,,29.84916646985537,20.683997823096703,35.2457671549006,9.906766770133952
2014-03-09,9.378589713194279,7.176833797329377,8.394486931953011,,29.966649514201283,21.306022362175298,35.38852223947664,9.862374732901502
2014-03-16,9.173550553348287,6.982176428314757,8.202448905552895,,29.083237238275892,21.59661477640045,35.19757614993355,9.533520718033122
2014-03-23,9.344511247271331,7.132419606683111,8.342503415775463,,29.89521139718113,21.797538424973443,34.956936032738405,9.658971267986164
2014-03-30,9.317163989302887,7.142567986992055,8.3233788389294,,28.975382603979206,20.172097073971205,33.62774734391395,9.995408275085623
2014-04-06,9.31329297458886,7.174685663140484,8.338948704475142,,29.56095893589831,20.73166217829406,33.70649756954814,9.5243686495818
2014-04-13,9.634746328912346,7.464602784667855,8.659035594190016,,30.08954044638605,21.37643865896931,34.55664518561718,9.871131720015859
2014-04-20,9.449349752792749,7.280296047800276,8.46912201973785,,29.928403227690843,21.157007844021223,34.31342448935404,9.5982203441925
2014-04-27,9.154147577355422,7.1578226798836155,8.24968572835082,,27.95160460351825,20.020788324860575,32.292989855936675,9.099097515417924
2014-05-04,8.988608042107648,7.017766730215084,8.10257893431933,,27.542952524700024,19.79525826438893,32.30076971662695,8.850823577737433
2014-05-11,8.92920480307107,6.978109841200892,8.036822749550128,,27.20436976651393,19.352319131057587,31.862408184207506,8.806261537047451
2014-05-18,9.002573759166731,7.047662856966649,8.105344771215256,,27.31220133650749,19.122317833757332,31.571004799618834,8.926904448912362
2014-05-25,9.045246635044274,7.073517940527609,8.13477032569889,,27.72987997419653,19.121461261176243,32.01567130483383,8.967643767580395
2014-06-01,9.056888838003683,7.08970944256252,8.165688681751949,,28.06429524007575,19.208035486669875,32.69431611840833,8.933835380522211
2014-06-08,9.023691349975365,7.06531819968062,8.123740108781568,,28.01832528274155,18.78488548332247,32.69286490701295,8.878452170601797
2014-06-15,9.213274115019846,7.219357524038813,8.29575245342107,,28.56985163603008,18.91544532559481,33.17393282152559,8.993352543244903
2014-06-22,9.02587889809223,7.09758893029947,8.223460823437609,53.37792195925916,25.909941030316237,18.033445852811752,32.447921417018854,8.856228686092033
2014-06-29,9.04613445715212,7.060496151450533,8.220325897264804,55.82805496156379,26.610735112644385,18.33778551680029,33.28990840967681,8.82119465103688
2014-07-06,9.164649268906594,7.075837118973027,8.300458075448853,55.2519051734348,27.39622690812566,18.747605647831765,34.172711739476014,8.966094733391987
2014-07-13,9.06977656107549,7.0057024227538465,8.175351218263385,52.83980746460229,27.54182765047477,18.37974594503571,33.54626780783071,8.962693495111672
2014-07-20,9.134922826382548,7.031521227899823,8.227415711885751,50.29393130232351,27.60557777162436,19.37042862806658,33.36549222752135,9.143324202214583
2014-07-27,9.436518060233357,7.314048451843344,8.53293419644885,49.58674306315541,27.850529325933252,19.821429120748604,33.36459187410996,9.421352280353812
2014-08-03,9.70701183186202,7.540009761386948,8.794539727504084,49.30303408576201,28.53491092329098,20.40223952461077,34.60342444243518,9.544622667694803
2014-08-10,9.729267717767264,7.481121862272345,8.7842490727057,51.037624358464214,29.10666444482829,20.281861973562112,34.59144151644414,9.57426741872332
2014-08-17,9.838678387022432,7.533830713504394,8.85280064327035,51.064848627180574,29.983990343766877,20.502224986502988,34.831989060019616,9.703182527890764
2014-08-24,9.866968139937995,7.454197234013078,8.82432848315968,54.43444083521619,30.73470893609294,20.603622392818576,35.10290174786869,9.794218660876446
2014-08-31,9.617846475924395,7.237281471903799,8.598402202358455,51.87710172346812,30.20978443908133,20.26787183298259,34.008817013013505,9.579858522700565
2014-09-07,10.02610021145442,7.535327536914043,8.938145148007152,54.29528087139076,31.49658035356747,21.362393680260073,35.16157542526881,10.009808894735889
2014-09-14,10.08439297406844,7.439884207191131,8.888656250678768,55.48097894830607,32.23072939753494,21.116992469913736,35.50010831382366,10.05066336759943
2014-09-21,10.078256336217402,7.376298352446908,8.84071479767718,54.27289236783875,32.23491519419694,21.091661098766448,36.17049695596876,10.13335128941341
2014-09-28,10.168612143972016,7.339926262439066,8.851100065870956,54.66613879643649,32.87984236950421,21.251100579905913,36.622496918721424,10.264598377162125
2014-10-05,10.224917226070096,7.342423554915173,8.885826619323655,55.57587076889933,33.46811672508534,21.341680961881167,37.17177436169226,10.366321741363455
2014-10-12,10.262799190021916,7.328994800470795,8.912654212140193,56.77979710176795,33.80775484933477,21.295658247430715,38.10501706215061,10.422777961036527
2014-10-19,10.132198488725031,7.269646605770318,8.826580548442408,55.144001022181456,32.8998015573841,20.940801388667108,38.17502972956215,10.175663630791824
2014-10-26,9.975302434982135,7.183933193722491,8.65712805365635,52.42915685638142,32.393008275636966,20.460643214003696,36.82940181768532,9.958583473661593
2014-11-02,10.326216024043381,7.3460790322303104,8.930951336301176,53.08357638251275,34.76259998074739,20.324502467976636,36.62574743996644,10.485218493844524
2014-11-09,10.318119011461432,7.239623655401997,8.881310682421521,53.70241077301562,34.836555383548166,19.746847794788135,35.858938901897425,10.747842309575256
2014-11-16,10.621574204219142,7.5771554866798745,9.207485075923852,50.937954519014355,34.3095933318513,20.7393613124196,35.31051323909875,10.997837109019692
2014-11-23,10.632576350414691,7.49417483976665,9.15139696946325,53.56344163879489,35.150491134661095,20.49585804055675,35.65676503129197,11.092934746828519
2014-11-30,11.537410677363841,8.301423036282573,10.002048180450359,55.4336438500959,36.58787113877958,21.007565764927655,36.118740979906036,11.739370835260983
2014-12-07,12.757723185427677,9.619176224499398,11.285329187894044,56.13753928396955,37.27760678576492,22.066379673244274,36.44543206112522,12.215656758966455
2014-12-14,12.693117156167002,9.225331827829855,11.177263772755543,58.324705448834344,38.46687172064613,23.151290093417547,36.8927054068808,13.799973863918561
2014-12-21,13.527791623097263,9.892399501329434,12.144025270051214,57.02362153428754,38.87925832133372,22.97547346041788,35.4028215268289,16.014570125671586
2014-12-28,13.838612696144715,10.249587157815169,12.476649581654355,55.15750423995495,38.18761304930673,23.245199178631875,34.82218224776312,16.086521119084704
2015-01-04,14.319564874476383,10.880361368747499,12.976192026315884,52.52294472363707,37.610508448980184,23.34939870553348,34.55266220362028,16.234973096514466
2015-01-11,14.490930191604615,11.081866628365907,13.158602593045723,55.41496285114295,38.24390934399648,23.6601903241698,35.57249851241241,15.940721893782477
2015-01-18,14.932808398304733,11.566006422229826,13.590645325893735,59.1569140478958,39.06057649537473,23.690476071018765,36.27488975762634,15.752837987798241
2015-01-25,14.751244434194263,11.314678339994451,13.296449883570935,60.65786106136851,39.873821725645435,23.63919963540511,37.238947255162024,15.260722809481072
2015-02-01,14.037703874471493,10.454615990625621,12.655459180290316,59.908506185168605,39.82185717230633,23.335101737705596,37.0576244902295,15.011792566360096
2015-02-08,13.44194832630585,9.965880112447572,12.071865386860983,62.412174886801594,39.11604393733457,23.003117948047446,36.390430934578475,13.995907836332536
2015-02-15,14.075130037212613,10.450342858573796,12.645699962928877,66.24340343227121,40.71225424527844,24.248051375525012,37.6933089141575,14.680458839121766
2015-02-22,14.288578874172206,10.52519246668497,12.79916499204658,68.86786720667645,41.43127811805196,24.529927255619505,38.28188170879158,14.93611014175105
2015-03-01,14.563917681752441,10.687580785657937,13.01688094910598,66.44391513297124,42.08297333412627,24.9276476114223,38.23127460275387,15.67996308778576
2015-03-08,14.198581958030584,10.186483022476446,12.544791077241305,66.32822858256567,43.037279610088476,25.033559959911333,39.20132741446636,15.167701762010458
2015-03-15,14.83075274860894,10.658407497025182,13.069539013847608,70.81438361816717,44.20910287629304,25.858481610412525,40.22647199006583,15.644122979036187
2015-03-22,15.872743225615428,11.274858535545487,13.918854849257503,75.11105844872885,48.270384534103485,26.801214377169487,41.830072235303874,17.206910227879547
2015-03-29,16.542151170576222,11.67117788419869,14.47397263023684,78.69282017220988,50.031415983623326,27.41693562418431,44.159983570279195,18.130798765693502
2015-04-05,17.2375275521864,12.037160511411942,15.04195347733051,88.26243214080782,53.57073953939047,28.43431005638883,47.05684350772945,18.78126664120077
2015-04-12,18.04794004514229,12.736108497916401,15.718808791038237,88.351148176168,55.45412509565276,30.255093377803053,49.03071754881197,19.000858272364212
2015-04-19,19.258887010619166,13.813678192069455,16.833144798044913,84.39444974327125,55.36908027297907,30.629319852224135,49.582762816041395,22.271202315302034
2015-04-26,19.59185013720143,13.652767299862813,16.995516849928144,94.76973990696439,58.91815263215773,31.13401653329502,50.63176976691784,23.749953170957394
2015-05-03,19.73610887732212,13.882326740978442,17.044614035428413,104.5035113468769,60.852587255372725,29.999540731443,48.859928217842246,24.229500516453854
2015-05-10,18.70419083036908,13.173021667172527,16.192115690059985,108.27833167815716,58.81252132449286,29.2342878053156,48.33302020045879,21.84665659970254
2015-05-17,19.11847766146047,12.970186016964247,16.304792023302912,114.43275068363661,62.791874854788446,30.042947881015262,50.80123710759483,22.213534274692684
2015-05-24,20.44613869404292,13.47285840315097,17.237357033194485,127.07190926906398,70.44557559155119,32.824836669133404,56.11591314315263,23.985599490271188
2015-05-31,20.459744449458306,13.344882554944773,17.003386561887115,124.71028959446407,71.65998255072034,32.5551603217207,56.673106528346615,23.198319935930396
2015-06-07,22.309065951232608,14.23609731280277,18.402162833997817,137.96752373462564,80.09682601307843,34.38791144956079,61.3342095575176,26.281704097863
2015-06-14,22.98305458555448,14.481835480896946,18.78804598134366,138.63942358252365,83.16273404673612,36.36132707680769,63.253376379554,25.984456523759803
2015-06-21,20.03183749210491,12.190911332769202,16.73089617371614,116.06921832222208,69.14116902883111,30.892104377394215,55.16644747469728,22.39511515553334
2015-06-28,18.967720657912288,11.684893342966957,15.89415211487355,101.23237271566138,62.92668494794166,29.4921294377904,50.69935240116436,21.358752017244953
2015-07-05,17.009383035971894,11.421605352263015,14.665275186578228,86.51671012821332,50.99801680352647,26.72498411456573,45.04478094108023,17.825722051837595
2015-07-12,18.10302981418498,13.041585211370707,15.904020969541431,85.60293872759392,50.51222618357215,27.87676262678779,44.8818305321542,20.4517396165501
2015-07-19,18.257174800402872,12.5357813442118,15.689895012892984,94.066978579995,55.64255022139859,28.711359917892878,49.33095703919123,20.418400771151315
2015-07-26,18.54587267097656,12.237460848803874,15.615800941328459,95.36348180675702,58.73088105353487,28.966060215412043,50.35476441906594,21.157877852206493
2015-08-02,16.69774921611091,10.87108012276487,14.127384175373402,84.39206101707579,54.023390781978016,26.89095613137402,45.73285080902814,19.237763932623793
2015-08-09,17.00265693850094,10.909663028816336,14.32218149554655,84.23764561386056,55.7575122634245,27.56724029569592,47.480916083875876,19.82260200790902
2015-08-16,17.910942587368858,11.17922899961112,14.827886129622641,87.10862649958253,59.54792701820604,29.06187021771275,48.96282577499487,21.521573843303965
2015-08-23,15.815933964019397,9.969943931124034,13.108195370052867,76.19809569720604,52.452627393168754,25.79020351756347,43.81185878402215,18.63469797476117
2015-08-30,14.597266889771422,9.385175148825935,12.145802024395978,61.905546531479395,47.59830543261572,24.725848667885867,39.28735841453762,17.1748650650403
2015-09-06,14.391247380450261,9.814616892041526,12.456361417763334,56.430334580902056,42.71835835078759,24.013929060559356,36.90954346466789,17.773764491027443
2015-09-13,14.458126063722538,9.447432070653443,12.178318438242327,62.28770369383247,45.15981622418909,23.797953286642564,38.393321946876554,17.377705398436373
2015-09-20,14.045637952111159,9.421099926429374,11.887717900577949,60.04453771350822,41.92918905431453,23.27973549696152,36.77985281478758,17.146778006557387
2015-09-27,14.009598992205111,9.36174827574263,11.800378275213461,61.899613614535475,42.517353163231185,23.129608954210408,36.92052333316735,16.761879940533927
2015-10-04,13.809588124678978,9.137221981896815,11.628999174555647,63.52092698291473,42.65834538167094,22.905754372607873,36.95584673825738,16.35285019443119
2015-10-11,14.385546132877488,9.445751597100527,12.08957599476153,69.64037050694446,45.096055914292144,23.81248362280738,38.88190368263286,16.908604400554903
2015-10-18,15.277109766680642,9.845553875034428,12.70745982343168,77.37853257067614,49.53303805291481,25.308120929431585,40.82225097266404,18.013887941705665
2015-10-25,15.395867407542907,9.941754761369147,12.820418414108447,78.28601409202571,50.159479319997445,25.687019596485154,42.78105659268885,18.263096802031328
2015-11-01,15.762793282563837,10.121386848019807,13.027237692888425,74.03006002302362,50.96918501853145,25.42061434364427,40.7543030918574,18.021015110346777
2015-11-08,16.790364161020044,10.759590179471807,13.91759854362953,79.73353456666962,53.968760337061006,27.088493746851828,42.245818677532874,19.391078925448895
2015-11-15,16.73205301148195,10.591689670982735,13.765903631205692,80.52970900202952,54.90985046605836,26.570701876065662,42.350078112349856,18.9455912128123
2015-11-22,16.973859478967324,10.66254166164146,13.86478668882965,83.03276956649536,56.65565218149519,26.741061210192207,42.935205561799094,18.90790715361593
2015-11-29,16.098731707455485,10.114120319160888,13.114560025748656,78.51061100173658,53.68293078536143,25.8471569963325,41.05834012058743,17.541491863994445
2015-12-06,16.551577973616833,10.442540006786702,13.550415897900013,80.7163216605751,54.657002848680655,26.44057532003959,42.075323296328655,17.891444332083566
2015-12-13,16.136068281630617,10.151354584842785,13.230844747050963,80.4215916471847,53.12603506593786,25.601865846718326,41.41244596842705,16.997360044752615
2015-12-20,16.81032768582922,10.565570906811617,13.89135366583551,85.35017181539253,55.807375852086295,27.774296463620328,43.77505590109776,17.54775742041129
2015-12-27,17.055923034863905,10.734426297004607,14.073630205176888,84.08770474570211,56.443727530786575,28.54027679294834,44.7346803709515,17.598404345446717
2016-01-03,16.651247565385408,10.457120534239293,13.750283125732809,81.73543441352406,55.37802957228542,27.960129178098896,43.87574135730229,17.177705667660064
2016-01-10,15.09863807270555,9.727985967280034,12.597743941763095,73.65585360775387,47.83539382462829,25.079343609874353,37.97657015031612,15.693893114392367
2016-01-17,13.768635409583567,9.052102774739948,11.652275610000398,69.68410716249441,42.95087579905822,23.217320056912044,35.02891201809941,14.26386570363622
2016-01-24,13.84329909605256,9.050747882063105,11.659924564918686,71.01169091621696,43.325406183396645,23.403636052370935,35.476513643420056,14.643180375702173
2016-01-31,13.01748365474139,8.656020875045494,11.040640738610069,66.35908779688128,39.59285779421134,22.36233210239609,33.423692456030764,13.33460007050945
2016-02-07,13.163388338715334,8.607055719509647,11.071547226229706,67.4310147070796,41.023012654196634,22.97743761840001,34.74270604251089,13.512439066765554
2016-02-14,13.163388338715334,8.607055719509647,11.071547226229706,67.4310147070796,41.023012654196634,22.97743761840001,34.74270604251089,13.512439066765554
2016-02-21,13.60291827297947,8.766986510995414,11.351579882967263,70.63117374940727,43.19021813976128,23.595500008453737,35.870721760262086,14.007688165284089
2016-02-28,13.203162417212708,8.611393649365738,11.04112868639186,62.962807776981286,40.737799167522,23.158140259156777,33.781073548431635,13.405528805943538
2016-03-06,13.762969861698059,9.303418060386775,11.66530355986469,56.9091343295357,40.71904775191962,24.47932206765993,34.28011517299421,14.05273645221718
2016-03-13,13.442406486020783,9.12947888953535,11.401418752442561,58.160818109467115,39.73868494554872,23.11446184496343,33.84184857255563,13.717300787593526
2016-03-20,14.024638673294936,9.400105336900552,11.813392192625338,65.78401567137867,43.24819039898009,23.981686377333617,36.29307367507069,14.38007973608436
2016-03-27,14.19413375317468,9.441707855773375,11.898826998547557,67.03144121030782,43.834269546784,25.03174956117764,36.32206123146101,14.26820979812392
2016-04-03,14.318166429487164,9.400199765236152,11.940015515458123,70.72407158326891,47.321100331072074,24.93504533835797,37.19585046945222,14.249203700791394
2016-04-10,14.175540158771348,9.22603963942999,11.781238099959925,71.66224660410435,47.75695729303983,24.94469982383077,37.49115139155534,13.933885933668469
2016-04-17,14.666211113966405,9.450831304031073,12.160495689113944,74.01428626116373,50.79044014936915,25.238892039144666,38.57182221642457,14.594893073926707
2016-04-24,14.155337964881861,9.275469067393653,11.813562024111265,67.91947483576855,48.15320443021456,23.9866140990497,36.113607337960076,13.853708745233924
2016-05-01,14.33616130926821,9.355873951392923,11.951305309646255,64.75421735326681,46.778402411783624,23.956272193199474,35.48196135467501,14.189893962800461
2016-05-08,14.228356244125804,9.258495785119555,11.84839765024658,64.4170049527386,46.80116042256593,23.969579529501363,34.983839379379035,13.97597189391347
2016-05-15,13.855166248724826,9.104907337076988,11.645136493132108,60.971151669511244,45.00307261816534,24.071851645515938,34.36267827515895,13.75118871399967
2016-05-22,13.874619387326854,9.134808857009228,11.656001966821309,62.51072271174718,45.308004792955806,24.009557032297284,34.37781354819906,13.595015906430142
2016-05-29,13.867700968697342,9.12777824503249,11.626477640223147,62.83938005942219,45.37633096591761,23.888082252279656,34.096968966113245,13.485749130210129
2016-06-05,14.431635247656395,9.432005955695274,12.074358861225788,66.66677187325742,47.644285173368985,25.591071702290815,35.69558457447183,13.913111213951362
2016-06-12,14.389551038053844,9.379105635035069,12.005632172951474,66.10831266827648,47.64773203562777,25.058262683966202,35.38160849321441,13.80286300626953
2016-06-19,14.195378597571143,9.339690369106918,11.892758009072425,63.00355983790957,47.342943025057494,25.117439021468535,34.83415314324605,13.432028115889311
2016-06-26,14.073444774555995,9.248457449375017,11.784221804183394,62.800651057839936,46.92227737787697,24.60658727356612,34.84393517587849,13.223296680605449
2016-07-03,14.430373941860019,9.450637124149594,12.036057152552619,51.21460097374231,48.52474193199594,25.78842854150744,36.2482874024427,13.729426035466222
2016-07-10,14.684840263326688,9.470752106038953,12.147430417817265,52.371182730138784,50.14944853004208,26.983809985896695,37.40783422137524,13.958009905905438
2016-07-17,15.044784724497552,9.670169319434256,12.521908236578202,53.405078532781,51.199016431496396,27.865188861790234,38.41517907496616,14.330772622138662
2016-07-24,14.90854093178821,9.562526432480109,12.366658812071941,52.79436590787336,50.55334612466323,27.187429850094578,37.89873084113722,14.014834394700648
2016-07-31,14.82770303935905,9.59779761512419,12.374889172021923,49.1048990837156,49.02989636113808,27.561889801410526,38.25225637752093,14.181942949204283
2016-08-07,14.842624252730719,9.601706121770746,12.40233171790691,50.08821912015492,48.88448826518461,27.08625589606291,37.64947854818807,14.267236694437196
2016-08-14,15.243997498251582,9.93482189946555,12.785128311768611,49.397024778649396,49.04601014241826,27.741298511839346,38.038443523790605,14.717066948774384
2016-08-21,15.453741136365386,10.00532279006429,12.956943716272313,50.577808584646185,49.585726401225045,27.532812108439987,38.249095524790974,15.422309159075413
2016-08-28,15.530036261726393,10.110709377567675,12.95010190126125,44.38075379163436,48.541594734459295,27.290147654469887,38.40622308822934,15.18967354298555
2016-09-04,15.752540464203014,10.27902519261295,13.199078848762099,43.66213208697617,47.6043719153071,26.648796219947112,38.24091842946581,15.883799535792717
2016-09-11,15.822055163852289,10.251589755458703,13.192882365121283,44.16079248143706,48.51466699494752,26.65005007011666,38.54921096991987,15.91726450655375
2016-09-18,15.430358171313317,9.992739229611297,12.865648679742648,42.610003834938624,47.11219093841878,26.179923017577373,37.694234915145564,15.518608045489191
2016-09-25,15.614071751594002,10.094134352692258,13.005789009881846,42.67061215199406,47.937787725426396,26.300208283620165,38.23298943698248,15.611341457703551
2016-10-02,15.532968723856156,10.014194605452763,12.914423606809137,42.29555070618936,47.68645549432038,26.115548640988077,38.088420983093606,15.309584903058393
2016-10-09,15.532968723856156,10.014194605452763,12.914423606809137,42.29555070618936,47.68645549432038,26.115548640988077,38.088420983093606,15.309584903058393
2016-10-16,15.852888352160907,10.159845819282397,13.112363710364232,41.70926105296127,48.71548120597145,26.845302497229117,38.94224010379418,16.075390947283843
2016-10-23,15.997346894441057,10.30670892303103,13.214990245053151,40.801581985726536,48.337629432222705,26.65673725594278,38.63269715352749,16.834781913627655
2016-10-30,15.855491568716367,10.248039122049427,13.10665984798416,39.458551108687736,44.90619089505429,27.04688771180703,37.47761995703226,17.50377456895979
2016-11-06,15.781653489333726,10.192841029521297,13.012130533381592,38.9078152543002,44.304089834864435,26.468264100056032,37.077048922673384,17.47038728265414
2016-11-13,16.14822790058501,10.36563642414674,13.25836688030365,38.942351736654096,45.19084949187128,26.556507597735447,37.17220678377145,17.95084823122966
2016-11-20,16.138953081892822,10.358274954410641,13.244818949401393,38.98703378817467,45.38441039561331,26.375621384233714,37.16410285754196,18.21114763632114
2016-11-27,16.541285592982074,10.745278461949004,13.661691936092613,39.34555961182929,45.720397238781224,26.827906186621735,37.340006287429354,18.749462799347878
2016-12-04,16.462696643130553,10.86641695722272,13.72782319541282,39.195475390382185,44.84705001842381,26.819296808686246,36.94525442140595,19.470268240495145
2016-12-11,16.45077413709704,10.866496660400035,13.641846086462133,37.99515668167354,44.9432935334371,27.29658032478519,36.696022157582284,18.75984446297987
2016-12-18,15.884194655016582,10.237064020262718,13.040164232809735,36.396964228321465,47.77551580043775,27.62906304161496,36.86999583862721,17.994830775486278
2016-12-25,15.845536207855401,10.23731635722751,12.982397190551774,35.722281948988574,47.44553128986859,27.254999279678444,36.773846681065,18.347325182796407
2017-01-01,15.874578349362,10.23066734275853,12.978771681006027,35.74206101408156,47.3251490236163,27.818652735082644,37.00396337135043,18.284708427145677
2017-01-08,16.17111162561684,10.444881004941328,13.200486771887975,51.41433517349277,48.27229411492124,28.625419878440788,37.09599872315712,19.075451772695452
2017-01-15,16.03024295924637,10.475164434478122,13.149944128410494,49.45828803353215,46.83950883391105,28.012473178891295,36.30775093599587,18.709719531322197
2017-01-22,16.15555449293422,10.64640114962677,13.303668092625449,49.0445283106345,45.908039995749235,28.513505220078496,36.3297565997225,18.828154595874096
2017-01-29,16.329074413953855,10.806044617115473,13.455944898746102,48.88386452637868,46.50262538167833,28.304007832610324,36.63730977984871,17.93964760393749
2017-02-05,16.220821110570856,10.69618864695419,13.36395538463598,48.63082124433406,46.34275145002182,28.308374733191254,36.64157237802595,17.886481723894942
2017-02-12,16.51001043347238,10.814927439392351,13.525265241362312,49.26929893181146,47.36100642720641,28.500014015139232,36.81399946832892,18.54788779002356
2017-02-19,16.501473179992264,10.807608713565235,13.496369038232942,48.44463512815717,47.04929635879637,28.79819275451636,36.60392677102701,18.514258210869762
2017-02-26,16.776089927835855,10.906040655679089,13.688619928007723,49.45322730309126,47.75163813836189,29.85921798061654,37.579521066174365,18.753178046014135
2017-03-05,16.568519355272667,10.705508864673387,13.469538034001687,47.63617755273744,45.61044025026192,29.105947148111824,36.115649997875224,18.419209484240252
2017-03-12,16.500220538582163,10.652778695466623,13.464580856882774,48.33456399121846,45.63365746677473,29.620936335655575,36.085265125545384,18.195789039915475
2017-03-19,16.58408287193878,10.708271455308171,13.53522394636503,48.293246083848196,45.57515024584726,29.904758422706255,36.2941303843123,18.33387706810897
2017-03-26,16.661306865529188,10.721143900536502,13.617535018513113,48.318063564762426,45.531733818588144,32.01691527206495,37.22677349197081,19.434700528985
2017-04-02,16.352288134612316,10.646323409940004,13.499316932663227,46.60779170617779,41.255694880501764,31.598014232160303,36.64118859750198,19.344060911292033
2017-04-09,16.706928873122646,10.86151737551294,13.785478388463144,48.2021824012585,42.15780634634928,32.05711662474387,36.955634524408694,20.210703008056793
2017-04-16,16.51854714815848,10.751969813017636,13.674454417459096,46.3242225046228,40.13637715337026,31.657196566582037,36.44687400526162,20.541515744662654
2017-04-23,16.16524587627289,10.689196562567455,13.53484019193558,45.175554136828836,38.19582294844163,31.211063544533797,36.7008455377528,20.655589486348106
2017-04-30,15.529842288715464,10.42300396439666,13.04822698975726,45.37486508760123,36.08394790668052,29.235965763464066,35.814676645057226,20.165645825875192
2017-05-07,15.124284467406223,10.248902714542528,12.727542813519829,44.693755985536804,34.759944526315955,29.035959225684323,35.57267005027626,20.214537343888118
2017-05-14,15.116831884394243,10.524181301111014,12.839550621267389,44.0910834011645,33.48640606789971,28.392568569011768,35.202623418681796,19.946252564572234
2017-05-21,15.128583214838475,10.402799960512239,12.82141064354727,44.66078209519201,34.16161828091795,29.75073544764518,36.06205677852597,19.768565751498986
2017-05-28,15.298675086682724,10.871970474036951,13.190022800185497,43.45687857131823,33.400073098840984,29.95503684308329,35.87940640235233,19.880785533759116
2017-06-04,15.293338106387663,10.921559446634486,13.242079954383458,43.26099808942412,33.034775199335606,29.70419526739256,35.79637432081334,20.0177207944965
2017-06-11,15.532957762776869,10.969026857840163,13.425053575114271,44.657949009286924,34.25101696290174,31.062480568950388,36.94959381451953,20.285046987101687
2017-06-18,15.353383481048665,10.78540249474908,13.318342060248002,45.35713479468857,33.69362806157038,31.089851328487583,37.17061007392047,19.730459958005365
2017-06-25,15.560571088889729,11.046965710446354,13.638240031883,44.9997237481096,33.676342771459794,31.793935121134574,37.379783967394474,19.96633040799657
2017-07-02,15.709940114515007,11.108042488529613,13.751227847252503,45.1123155764487,34.392495647197585,32.10617010744162,38.075739562234226,20.107257801494438
2017-07-09,15.827274913198046,11.113554949646218,13.74589744202745,45.64250603227864,34.815367084128276,31.00956548545565,37.41163294400885,20.116018839400272
2017-07-16,15.913785989654242,11.324034470120209,13.900532158781138,43.22436873494599,34.197743660038924,31.268229289704884,36.702423924331875,20.448174574814317
2017-07-23,16.02132988297921,11.468433505802878,14.040383331345055,42.00357539639241,34.062892470727014,31.75663347577496,35.794799018645186,20.755934566452876
2017-07-30,16.140366790266032,11.497971449593514,14.094014348996021,43.34819550057311,34.460824098505576,31.37033423876479,35.651057715172286,20.577853250518483
2017-08-06,16.20994284081151,11.517379595025414,14.076994030841886,42.92848962103108,34.37712745886932,30.986932417154122,35.20070247954594,20.446109792531825
2017-08-13,15.914605048304033,11.275660654136434,13.819469156543251,43.40612433268674,34.03340459423519,31.78782825922232,35.71493668489374,20.16574933056389
2017-08-20,16.182179546535934,11.412170340630151,14.056811123428663,45.47403723965831,34.558790692809424,32.432802761824924,36.12546470188571,20.751776536374177
2017-08-27,16.513523513627977,11.928966570765043,14.456322493070708,44.284442719866604,33.93525037943599,32.17775961253998,35.629966617468845,20.103163381603597
2017-09-03,16.281675396089764,11.603427445534894,14.146118226061152,46.677907356303365,34.11552600115011,32.40319917736843,34.84515576766396,19.444110430092973
2017-09-10,16.308121601905576,11.579881641864533,14.168536760446619,47.21948562160522,34.32590613360059,31.680527054997736,35.20692787272875,19.424877663891877
2017-09-17,16.22072416485857,11.449042841172886,14.097918624085354,47.151986951812816,34.55210697846085,32.66349340161845,35.104949532234244,19.37766294768735
2017-09-24,16.25437688800712,11.534265350433808,14.177384948287413,46.67985102081298,34.32723545407156,33.400613367053126,35.09309307628526,19.19695046848554
2017-10-01,16.24691929907699,11.510134911231832,14.17304275387414,46.73900567629875,34.542501415565134,34.46724473051596,35.57897010230739,19.041539043983764
2017-10-08,16.24691929907699,11.510134911231832,14.17304275387414,46.73900567629875,34.542501415565134,34.46724473051596,35.57897010230739,19.041539043983764
2017-10-15,16.44775433974995,11.620721586436463,14.383809898750465,49.8700179150424,35.12208355040537,36.26671347163052,37.09648996234298,19.23901743818753
2017-10-22,16.415674724604226,11.731920370477374,14.458215394428699,48.57719031187007,34.137620238747765,37.01502925914718,37.27025921876327,19.26155337216635
2017-10-29,16.35206441342179,11.73901662730996,14.496558160134077,47.16143400835035,32.564844431514594,34.99713476674989,35.597028580336264,19.389255187971862
2017-11-05,15.716843455130922,11.561912980562667,14.155347425929078,48.89943993573514,30.227797118356424,34.097793756699495,34.26795720903739,19.075613872322073
2017-11-12,15.981791399607488,11.65255162931795,14.372880573941357,51.193518353513625,31.200012138191948,36.198073840728085,35.15518468384512,19.06160125132852
2017-11-19,15.863474963143746,11.85084954234292,14.40396721455034,49.14087209164832,29.903657738207457,35.941557034362475,34.61526699719309,18.89937940545355
2017-11-26,15.78849822838871,11.880021850367932,14.424576433885454,47.725484237968814,29.450484224336076,33.582208143051915,33.50910250693479,18.68760016490529
2017-12-03,15.582419817437628,11.538588188947774,14.075651530199051,48.78110920993647,29.668831325955473,32.90029664242374,33.37136885455144,18.449391632012603
2017-12-10,15.491947892949783,11.576815233289167,14.067051930980861,48.20202512298774,29.19754446913993,33.328675292511264,33.406815749388976,18.48816798186156
2017-12-17,15.389507334756694,11.390796224620187,14.04543889756578,47.76065104170344,28.940708836642052,34.94285729490556,35.23726163507011,18.155994794159223
2017-12-24,15.587841671573097,11.628610523715048,14.307484995897124,47.36226389085088,29.021801600165446,36.281226909387954,35.80681859405236,18.1040611404045
2017-12-31,15.739609366554165,11.696431478820521,14.382636540387997,46.60319212902421,29.088426899714086,36.38402684234146,35.57848156209162,17.764955743610887
2018-01-07,16.114371351248636,11.97295596546755,14.741128635607486,45.34520928541982,29.874701631477446,37.90039666065662,36.041570371007765,18.080901032766135
2018-01-14,16.3104165409356,12.272228387478824,15.03372068824168,44.467443884166556,29.76982885548327,39.445178557365885,36.57876416861221,17.97342347357452
2018-01-21,16.698189232915812,12.827031568862184,15.45282836348786,42.855472603301386,29.263377494262404,38.56140009206325,35.919204665432446,17.993610824797393
2018-01-28,17.055726750029883,13.102917743626284,15.85913896532393,45.417552793799224,29.79084487806475,39.591650409889425,36.293486752580215,18.381517637953504
2018-02-04,16.665399994784668,13.102471812105263,15.578077481322211,42.27774159194222,28.12582727848089,37.86667183821434,34.3707234980286,17.788699164848232
2018-02-11,15.015373980122368,11.650933756798384,13.946304405533859,39.46689849056028,26.05809135926,34.506178688049005,31.857451863298596,16.35325565688387
2018-02-18,15.289057843838052,11.7934940933784,14.258504398444156,41.91522224400712,26.91224092294804,36.27259571776077,33.21215176954516,16.42745755540727
2018-02-25,15.734550615763226,12.155222447368681,14.671423962682217,42.64189648754785,27.61305018165001,37.31714727333803,33.601941244113156,16.949205315486434
2018-03-04,15.620346250426424,11.749620049200727,14.32126033683092,44.32148046896647,28.509075243893857,36.859184013598345,34.23342971715821,17.06866023394556
2018-03-11,15.857420289330465,11.843714075564662,14.546146677376182,46.50274759928486,29.122265109605415,36.98902355679622,36.32882322070383,17.296943582362463
2018-03-18,15.604111255196264,11.662494539433522,14.2848874790651,45.822978205816746,28.713882556969192,37.283062118177334,35.73374154208269,16.913740835122532
2018-03-25,14.931479734413328,11.317610686952197,13.76455693226608,42.41562105857997,26.891153089169908,35.393269003215565,35.46612743302747,16.49688116060916
2018-04-01,14.773806266246511,10.912336257338266,13.50018879868736,47.36683168563866,27.670825429122463,32.576583244173925,37.170020052401654,15.829266907206586
2018-04-08,14.523826800231033,10.744481597116877,13.298125862845815,44.31017494350561,27.10248322331625,33.41390247730958,36.71299004039289,15.56194413539153
2018-04-15,14.687754490024707,10.856102742129208,13.437570656887038,43.7931321170205,27.095560270908752,32.8737739228478,36.4994834433452,15.465275689960738
2018-04-22,14.198966321418848,10.587761110366477,13.047569248629118,42.062304954556026,25.83652071198815,32.126023301125905,35.45014117346887,14.96297828670842
2018-04-29,14.014565080930849,10.563061787018267,12.892179330859117,39.36379065759406,25.431203483668927,31.181384927466617,35.46679500309439,15.096333157860842
2018-05-06,13.90091117670613,10.341611130416767,12.778316986920535,39.21983899337454,25.487621318654494,30.029898785316036,35.79044881378579,14.761060784734712
2018-05-13,14.256962022116264,10.648645955995972,13.128243901082813,39.94073665818827,25.87870560411041,32.052032307916974,36.4127844026552,14.855225214950448
2018-05-20,14.388282550198255,10.746285119487371,13.243826903958809,39.675815834617055,25.934371440152923,32.81206695609917,37.24850587589352,15.052838141754085
2018-05-27,14.14003453300583,10.372138032472272,12.876641325385252,38.561436787803274,25.64546417799206,32.22908843717989,38.374260478726974,14.947020255561913
2018-06-03,13.827270279491643,10.2501146699522,12.681251332390685,36.543048287019936,24.691404380797554,33.55790047179325,36.45652338997648,14.57690704463207
2018-06-10,13.783037096738097,10.20414190667551,12.654177929254214,36.34281528114656,24.62044714563295,34.37147936315658,37.09804056335587,14.392315841589154
2018-06-17,13.648856783859477,10.550069840581202,12.731309247382454,34.70558762635759,23.726155051917928,33.439616324599776,35.629611521594775,14.418872808590146
2018-06-24,13.07579969754334,10.214115728824408,12.272413535678655,32.562338912920374,22.407880970472007,32.80156758011344,35.49693307043216,13.892753125613936
2018-07-01,12.904999512216222,9.907977374163714,11.937045596582871,33.97551921091015,22.59567688491394,31.726724675120902,35.1675067444256,13.64305233689186
2018-07-08,12.519925718540488,9.704278136761536,11.553309575499155,31.932839350682805,21.60547242197812,30.853863945481013,33.42511999585448,13.54389188670995
2018-07-15,12.932849982816728,9.918428962282729,11.932503746946994,34.44954556612614,22.622583647631355,32.452503461757345,36.19447685836518,13.855450122556677
2018-07-22,12.917316143866856,9.951379923957584,11.913571019562664,33.98588360116283,22.497162756989333,31.92456739806292,35.18703085510916,14.089947551841208
2018-07-29,13.103845442641763,10.096921416757686,12.035829839945423,33.68099524947057,22.82871237753227,31.886212880550637,33.75836736047734,14.583483334725042
2018-08-05,12.528477282558708,9.749818838765556,11.457950996177594,30.773863977183165,21.325621682629787,28.231808898324587,31.07638550756113,14.200407031114214
2018-08-12,12.760211570225009,10.041401709655696,11.717550608553376,31.35690772781756,21.57565391997056,28.610733771284284,31.348843668113798,14.429354827292611
2018-08-19,12.156804637921429,9.606321773159928,11.16265950894462,29.649993562682287,20.40441305898364,26.443885911353256,29.163844377735526,13.776842090816533
2018-08-26,12.36553254037076,9.86739885462968,11.402455398015288,30.206088667194344,20.3431310105546,27.159677044043395,29.307530496293996,13.870458012153668
2018-09-02,12.106245585558739,9.627631842686775,11.212357912827857,29.682008369297062,20.036402864036326,27.017489922190617,29.02239345231712,13.534100063393195
2018-09-09,11.98913557097472,9.530686247289893,11.053918473075711,29.385697749293044,19.919018190580985,26.49783361045549,28.810851221984077,13.27108203114497
2018-09-16,11.922416459736258,9.547951882804616,11.003955874787856,28.07514533925905,19.431099679676763,26.27083739293685,27.098389522931395,13.251641580656033
2018-09-23,12.475020471848945,10.088431918981577,11.589801604731072,28.88544309543113,19.99893914562332,28.35538091149277,27.85110396943488,13.737854445636703
2018-09-30,12.583967619179955,10.236050533125416,11.708456373942129,28.571908414242813,20.0043411999958,29.326503214274187,28.661696062401642,13.873145218402465
2018-10-07,12.583967619179955,10.236050533125416,11.708456373942129,28.571908414242813,20.0043411999958,29.326503214274187,28.661696062401642,13.873145218402465
2018-10-14,11.673774483101727,9.6660910711297,10.91102184583605,29.952052409358632,17.923537127456445,26.991326763100325,26.00279529180232,12.980953328688132
2018-10-21,11.447953000763372,9.617610915593309,10.785039053148077,29.62754816446956,17.20740862964119,26.60576394876771,24.597941548112114,12.66846727953473
2018-10-28,11.666046924037458,9.768464295897468,10.95016204538459,29.579275000823415,17.66375103052082,24.518020200415076,25.14354222087709,12.893021853309687
2018-11-04,11.843612179583143,9.712541313595015,11.087254629278013,31.61502721812857,19.313183109109975,24.368834143785822,27.60561911150339,13.177181202959597
2018-11-11,11.469829916555803,9.314474991144158,10.662363806449688,31.19192209571961,19.00602435405105,23.36789668143447,27.151200812893194,12.714832946178932
2018-11-18,11.780138757224835,9.353954494778208,10.856995171431729,32.89540435934245,20.233985250413102,23.53255424850641,27.882974492830968,13.140371398870894
2018-11-25,11.373675373630661,9.13813069283881,10.533236987142583,30.44923157931961,19.02651132286706,23.107439664693988,27.316301073969143,12.679758735402523
2018-12-02,11.460960607459318,9.200808397485229,10.600817340727868,31.215310283945186,19.03119835360265,23.55680620689932,27.48231139086352,12.779296330039115
2018-12-09,11.526444621363579,9.220477078128885,10.633945644119764,31.321246565612174,19.171743065794253,24.246533432157673,26.715793276590748,12.969886713380344
2018-12-16,11.478658435318147,9.220293255341746,10.601067340164398,30.773790561369122,18.888355788501006,24.713184065607507,25.681043460865897,13.15515812639336
2018-12-23,11.123155169697755,8.581854657443909,10.309935145044948,29.678746723997797,16.651500596076108,23.333429339330316,24.685941978083317,12.884134780912229
2018-12-30,11.031325382696492,8.535403307307936,10.250494018521215,28.995539466737686,16.448373474607507,24.005957659887027,24.988295290939973,12.83875015518348
2019-01-06,11.117776991085336,8.578534649155644,10.312148324622514,29.860741252239187,16.589286524985184,23.955923368160477,24.217242738280653,12.750566070733562
2019-01-13,11.279812825619548,8.657954313263005,10.452384152146742,30.050894518201027,16.99882374757167,24.965400302956127,24.36123590872804,12.799772470413098
2019-01-20,11.486945385104331,8.855587822587342,10.681689745256081,30.45029649712351,17.12629497830719,26.455034406502513,25.310515176448703,13.024182239992285
2019-01-27,11.549249958331432,8.961608561979231,10.759909551000646,30.358518040446295,17.05899624692625,26.507068532997756,24.959511012437325,12.80728242654283
2019-02-03,11.720721628707048,9.229849743684497,11.03240133884528,30.601494182314653,16.98439236229453,26.863379788217248,25.191232884130578,12.916658539986058
2019-02-10,11.720721628707048,9.229849743684497,11.03240133884528,30.601494182314653,16.98439236229453,26.863379788217248,25.191232884130578,12.916658539986058
2019-02-17,11.956626390991806,9.238207482306425,11.228743486829236,32.40861360471877,17.78673382541741,28.005261336659885,26.69835593953256,13.25385590073763
2019-02-24,12.490738764106379,9.542326647653729,11.732521721377386,36.52928422701596,19.262650846412118,28.337525101856194,26.911854673339764,13.54910264797159
2019-03-03,13.355977894711634,10.207095680141595,12.531970484607191,53.31101049052209,23.056478219755707,30.02292370048049,30.53070473060604,14.371924687701778
2019-03-10,13.181241510050757,9.745009192617989,12.183275364716902,54.01189729799109,23.69513523886539,28.51040981721524,30.596576793545356,14.256480075640287
2019-03-17,13.370963670724047,9.868941963687032,12.357786443706159,55.25768301447629,24.28135905335731,29.87211772538338,31.740262273694636,14.469311299281335
2019-03-24,13.699420319701078,9.965486009510785,12.599992759906735,55.8044765825943,25.36579312506283,30.75451398977329,33.24880750767796,14.806205664047551
2019-03-31,13.643956157916683,10.027874131625946,12.703763324799041,55.82931994218011,25.338100628628236,30.910660112457773,33.656992322052005,14.680735571852033
2019-04-07,14.399434915007616,10.485551347997637,13.341470326115003,57.3822765641954,26.913600020993368,31.644093683671578,34.45261924158873,15.562644092314533
2019-04-14,14.114825516339199,10.32493877249897,13.076946101412464,55.23890771130345,26.292143869395566,32.19615643640442,33.82292683142563,15.168221868260039
2019-04-21,14.495552225952144,10.73322585344292,13.501035843554488,57.2173099937031,26.8320643377879,33.311716508471875,33.80173561039431,15.443623516255057
2019-04-28,13.648302149823266,10.139182165243922,12.698230708476785,60.664867440853776,26.325846452853582,31.1502354658517,32.84924901905123,14.121331292559361
2019-05-05,13.731417693560573,10.056503498359007,12.57849206306137,57.13829766843046,28.70729727344947,31.9144258424271,35.164745669211044,13.92534917292974
2019-05-12,13.09676683391796,9.558401863964376,11.982415041148602,54.85065301534228,27.41048443792873,30.707208059859347,33.38333748827767,13.283207991354649
2019-05-19,12.845008187727398,9.381705321210863,11.75033619659386,53.30597127075283,26.790950560334828,31.071141591061473,33.2489597236588,13.034558180967988
2019-05-26,12.732906825358642,9.356580431482149,11.645675187299707,52.19320298612428,26.225775546935296,30.060911059629383,32.18733750964601,12.898943319294185
2019-06-02,12.942605665053602,9.422128701585159,11.757379802596736,53.12170873363497,26.621111285817197,30.68726689342795,32.34727991773451,13.172048261817324
2019-06-09,12.678268996222574,9.397337967577927,11.606021454750694,51.06811780945239,25.331244525151746,29.83741649161111,30.14520854000152,12.94458556829819
2019-06-16,12.909385000953982,9.549454268855548,11.816009974248042,52.39176726167264,25.921132311025893,31.336082417043585,31.249625879801794,13.118769430176984
2019-06-23,13.454827114879624,10.18755576349851,12.498702779392712,51.453535667671005,23.85105751893569,32.892337148637495,33.88949112262246,13.806838313316513
2019-06-30,13.363143231562375,10.133960361815925,12.45223813550809,51.51978201745561,23.53478009720904,33.416417102627676,34.41819116410829,13.703003240435162
2019-07-07,13.504513882780353,10.20588382997745,12.631447121232197,52.4164267422754,23.949376996661517,33.69646342219317,35.569037201599635,13.858067974589376
2019-07-14,13.149795404131588,9.981425064636065,12.334551203619194,51.213250360273165,23.118457835798296,33.20171556371299,35.072886584071405,13.508135152262193
2019-07-21,13.126369383348923,9.93235262210632,12.309256042342835,51.60180222386924,23.244651220773594,31.684480759575585,34.402832158202735,13.619155428670762
2019-07-28,13.197851941774479,10.028040747191676,12.42985273854265,52.948192271048306,23.33268784540703,31.83458089755993,35.028987949336006,13.85959843701879
2019-08-04,12.840586881850989,9.735460126599463,12.10841698467878,51.86662667261293,22.911672339206095,31.132660949343013,34.15920734938652,13.554358734618035
2019-08-11,12.446970747993328,9.504040719540605,11.75262014460924,50.79944873360891,21.867044031646316,30.911823867361676,33.850598447831054,12.981609689467719
2019-08-18,12.547843719722389,9.532694859321913,11.844035263709724,52.37218819116789,22.466331378600326,32.651685850743995,35.387611328746424,13.09370797212768
2019-08-25,12.838638373583008,9.699031855324519,12.084893845580863,54.80613246372655,23.45681001703989,34.40278246672612,37.381461710910344,13.281195109219217
2019-09-01,12.678385256410584,9.489911443976334,11.903198093682263,56.528206144734874,24.20107940673403,34.68295496342532,37.47693500943324,13.068178646233521
2019-09-08,13.246822164346824,9.796096764067954,12.300904184636611,59.93533682342661,25.77457455956557,34.602352483485795,38.10127804413036,13.408723698745314
2019-09-15,13.388225394505403,9.85614178165733,12.39192648700108,60.6158830052444,26.19083538178265,33.835585791622336,37.96208991316228,13.491648589172113
2019-09-22,13.268277160974561,9.755288755043484,12.282209150924952,60.19426331866436,26.029231088849066,34.83446230154747,38.54602843904281,13.391740707042304
2019-09-29,12.971599737887585,9.636985409502557,12.038838350227453,58.348439588934106,25.066431201194582,34.78263665486648,37.63661015260805,13.013490426026115
2019-10-06,12.85111083226648,9.550959772149387,11.933209442668144,57.35129623940431,24.756645217548275,34.3614898619965,37.45987083570415,12.956529754030074
2019-10-13,13.164310869275178,9.798913685275563,12.229879175822012,58.71855309261944,25.342078824882968,34.88396906559596,38.69242523287159,13.231546595479907
2019-10-20,13.009263458428379,9.759035285485194,12.117757329322544,57.92437316400393,24.923624078932534,33.94746076602804,38.92103369681177,13.084745124773738
2019-10-27,13.017049599695774,9.80923854471746,12.145735329331199,54.468000621291374,25.09935296214725,33.608198095240134,37.5258818148259,12.909350868116151
2019-11-03,12.922405390701632,9.69181401405463,12.02383021016364,56.17580385384117,26.279839452300262,34.03475684731856,38.35827273737636,12.552973443724786
2019-11-10,12.955984410628268,9.712639827803187,12.073803948333568,57.91055625682623,26.398850277504064,34.45327826338791,39.05883005246338,12.525187675794625
2019-11-17,12.620400532301359,9.501027203490446,11.783568777229991,57.22757316653053,25.8253277601747,34.69754485077075,39.02122449494037,12.164237970920285
2019-11-24,12.584537237381621,9.415139781121548,11.70988630099234,57.48928041169222,25.984895484593764,34.04965665065351,37.983461405860695,12.254029991898657
2019-12-01,12.54052324691272,9.370883413584158,11.666903449981852,57.044232878997384,25.93211622260254,32.7610165919051,37.011211288387415,12.339478121194425
2019-12-08,12.703333759208844,9.456034362406731,11.826607006857381,59.742953698577026,26.588374913770156,33.68877351668685,37.45406035914841,12.419807778963012
2019-12-15,12.880132941812064,9.67433217398336,12.04569973540322,61.024430524814974,26.931674942251043,33.50889445087268,37.781273282213384,12.582447343863693
2019-12-22,13.038841251985772,9.91412149649966,12.329155558210642,55.14142252670341,24.93229951170761,33.410475687847295,36.41383815296088,12.855616676672962
2019-12-29,12.951266680028885,9.911795147712386,12.32886320209189,55.53190094672346,24.875949938313646,33.74952277973359,36.34476365876161,12.756960871286577
2020-01-05,13.300003601149054,10.097738446240134,12.664442286064478,58.007588205510956,25.801829135848507,32.69562171719813,37.18307071264563,13.15915028891493
2020-01-12,13.298996629364572,10.011304690171094,12.657827159344736,60.074875480432254,26.268123615332396,33.66358948807879,38.41364365042919,13.172963320126263
2020-01-19,13.212369258636963,9.897940916080938,12.586789304645063,61.16792907264619,26.36237297442232,33.68625361915412,39.22207179688833,13.069476957705351
2020-01-26,12.79778292851619,9.587631476569822,12.185821797977708,62.19159996225377,25.632772838745574,31.899940087412517,39.2450279723276,12.481928179483184
2020-02-02,12.79778292851619,9.587631476569822,12.185821797977708,62.19159996225377,25.632772838745574,31.899940087412517,39.2450279723276,12.481928179483184
2020-02-09,12.417032515780024,9.231008978529465,11.801693060262789,67.88289145486989,25.21263738329404,32.12085304906716,41.78016548319927,12.06212253897939
2020-02-16,12.586298968213308,9.338347668389423,12.016378385597665,69.91122625176611,25.66117783413379,32.39958145686626,41.55863801591725,12.220779589504922
2020-02-23,13.148647941409871,9.607562390128042,12.49381456757081,74.77445099952814,27.455856647353055,33.34724238084307,42.72869132364932,12.504833300439627
2020-03-01,12.469560851852922,9.148567244113403,11.810154497247304,66.6283614435985,26.135838234983012,31.719819680475428,40.89660362222415,12.15982817483964
2020-03-08,13.09798684544474,9.533803717198968,12.359600109726586,72.13366577862246,28.376493885357625,34.30036309926803,43.98422188055691,12.800557574099347
2020-03-15,12.48231500858892,9.091952117528031,11.71811879045027,67.2022078531167,26.736262589475626,32.83161488529623,40.302984775834766,12.225682443992017
2020-03-22,11.87528322532215,8.623566543196665,11.093830429916085,62.910828669315514,25.426299454031334,31.153598627233617,39.190794424470106,11.710402082617247
2020-03-29,11.931973270384374,8.753009303448119,11.20639609711973,63.64632104060955,24.931840629887244,32.70062604304987,41.85849866742282,11.781473127731958
2020-04-05,11.758689681328361,8.616152110451198,11.083435963950295,63.56338836982642,25.0764357667876,34.32641458209645,41.81766093347149,11.591283729215718
2020-04-12,11.882952697905779,8.682863609082935,11.199155399807116,65.00375058934893,25.509181105326345,34.98487495733404,43.48494986449342,11.738344435955538
2020-04-19,12.045402852145337,8.855630989292322,11.388378790697672,68.3312423004112,26.507713346817503,35.945894585764655,45.34762909065352,11.815923351161205
2020-04-26,12.006813539317163,8.830567934556168,11.322972447557321,66.49070283928658,26.55765722817769,37.0228291136124,45.510753164955155,11.797256534068476
2020-05-03,13.012593495856475,9.3713108595432,12.141018510053422,70.81319082823653,31.207176659292145,36.99610517017426,46.60403705063678,12.850191233848392
2020-05-10,13.138536059182334,9.36468957997542,12.237991480713022,72.5657487547967,32.052336424112006,38.36646305280676,48.03865339411179,12.867675975354167
2020-05-17,12.943700659018713,9.219239159314412,12.093779075492302,72.79554960592552,32.06364794989379,38.66060975847866,48.06583110561634,12.752691018505226
2020-05-24,12.71297962065027,9.093686831824531,11.850274809261327,70.46096992256325,31.119419181890727,38.714940579652435,47.76996663820802,12.420966979024088
2020-05-31,12.853782985462034,9.162664059287124,11.964980081300748,72.19893870144364,31.619752191759947,40.13915817744372,49.00483153023061,12.654025474538328
2020-06-07,13.211367976767207,9.417107529801271,12.334392796600333,74.7884604990348,32.608142226341485,41.16932511905744,50.244546386506286,12.84182184855479
2020-06-14,13.160119939393299,9.34982731679617,12.309118691232406,77.27960637931845,32.766185020450095,41.162762716075214,51.80747006786198,12.745223286382824
2020-06-21,13.390182630128011,10.131557584209684,12.587971759810939,83.50351223581688,28.012619794380512,42.542168149452706,55.45878120356609,13.107091606360845
2020-06-28,13.458769454674927,10.176342622299615,12.684259349990288,85.82802321442041,27.99316727453662,43.22909523024383,56.11029572986218,13.013509037435039
2020-07-05,14.268007902751746,10.86093701524631,13.518628788949245,88.21234717151772,29.33465732846435,45.211774843388426,57.0535630486245,13.445378718331453
2020-07-12,15.231885217299162,11.422810141891105,14.40509134156569,101.10709328611799,32.270664523625676,49.33959567748738,61.450769637391424,14.025187512855661
2020-07-19,14.487705702961062,10.807151465087955,13.727972439610587,97.63108456369422,30.712571458685794,48.0630678859161,61.09948095846819,13.563575874579449
2020-07-26,14.207977009173419,10.69502284213131,13.569131922118034,96.68717447479435,30.506523902278172,47.58902454522205,61.004485691952176,13.466346784747781
2020-08-02,14.646549459269702,10.904544752690285,14.009900639939163,102.78497231289654,31.912630605272682,50.19030054531043,64.92261590318017,13.579471009100567
2020-08-09,14.852121679387778,10.992337908055811,14.099827569760892,99.49887948205067,32.45004721170257,49.11376570990577,64.11518201143943,13.632917787107269
2020-08-16,14.901823833356186,11.144477715193842,14.163998926687823,95.9726557794646,31.996190185779053,49.71010539380142,60.65718367843327,13.990804220406524
2020-08-23,14.97588721176059,11.15913342678314,14.202720598176972,91.18433010347593,32.10711959621294,50.68131053288545,59.03389181241718,13.911460906864532
2020-08-30,15.45331598015715,11.576677163269444,14.67793565929453,83.67927003490352,34.457214704393685,52.795200103037374,58.82744339929432,13.865015703749439
2020-09-06,16.004015915036423,12.018464456500778,15.11350228237291,82.1155468197766,34.45188850143433,51.891910788322676,56.18011471974095,14.024853561937734
2020-09-13,15.611996474800042,11.917955585138031,14.767505931694792,76.38506842776158,32.906093243680985,50.09527354064248,52.96551668775012,13.75067643476802
2020-09-20,15.960897963689996,12.194454784783204,15.108114514783683,78.41548711359737,33.70446485957184,49.47345758982203,52.13653228083223,13.912280045442909
2020-09-27,15.414684656476817,11.795453631272368,14.593428415765555,77.49076339817734,32.538422444642336,48.16563119473866,52.690772052571724,13.32589206115746
2020-10-04,15.431271399362764,11.794514346743654,14.65455067593406,79.43222055009448,32.389293097918284,49.07373598687058,52.98496296026718,13.47405371792938
2020-10-11,15.675074831071784,11.928872895186403,14.891466376844033,83.10485584765198,33.21794821694268,49.94696951791301,54.41163890431325,13.624738499463824
2020-10-18,15.996826811530605,12.246541082233474,15.253261255625272,82.15543258043206,33.51791040608574,50.779926249075515,55.973815006442315,13.844393655807666
2020-10-25,15.720380978335216,12.171988938325606,15.010279701660659,77.59158788534137,32.04007957900724,49.3586773816326,51.693448549804366,13.713539356206196
2020-11-01,14.904555719264309,11.365710349326921,14.357715312673362,74.8995285502074,30.711749513313848,47.68134346937206,50.34808794576659,13.296009010970687
2020-11-08,15.316267118410106,11.651935735440311,14.935339731620909,76.74776279646836,29.67183563906126,48.57911173856301,49.20960819092167,13.51779005199406
2020-11-15,15.314170025640985,11.608055049666996,14.864683337748657,75.3474317645977,29.720076185790276,48.51986079773256,48.45736890266462,13.62737360618377
2020-11-22,15.697178127782431,11.83659223759305,15.142974586692567,73.91528647752826,30.30847650788711,49.25759113768907,47.477233020517176,13.69081929577017
2020-11-29,15.915354105325061,12.182099959536938,15.36689412013292,72.55170501717595,30.01397542137796,48.77591896960985,46.061790464910715,13.759307121476047
2020-12-06,16.076258317678285,12.207514452839641,15.544003045619426,75.830071723931,30.55272414054303,50.95949889310142,48.911034022600916,13.82366858309841
2020-12-13,15.573090822311237,11.828223151679854,15.013868003309113,75.77941514296936,29.36050812949235,51.85634016266537,48.11608320287453,13.400888653996038
2020-12-20,15.782122307645523,13.809396043230949,15.59538984631336,69.27420743602842,28.30581661444842,54.07285466791012,49.546374773408864,13.521767828188203
2020-12-27,15.786023033234994,13.779797025114911,15.66810295486931,71.65673373680153,28.219526351467525,54.274238165705704,50.61101975267697,13.434990703967653
2021-01-03,16.135187243460816,14.187351694284395,16.10733704359541,75.01255624079289,28.59784390390754,57.76895435081528,50.881212112956675,13.37343941992294
2021-01-10,16.577447812217173,14.641735646268716,16.864805709307127,80.27453608831685,29.294427593166848,61.22276854474364,52.65198742774167,13.454160998852716
2021-01-17,16.552276492295785,14.734472393452736,16.790156997931902,78.98029671016548,28.699301692703887,59.427270835501865,51.48309373737868,13.52138543902084
2021-01-24,16.671463323204897,14.616148528849315,16.963388619363062,86.6676405363064,29.663106904923296,59.80966737680642,56.12133017646769,13.551331995043226
2021-01-31,16.068679500241625,14.16600278270128,16.391386023693986,79.97899101992978,28.329993199436707,59.78865201721696,52.23367613564544,13.307527327626255
2021-02-07,16.02594758047318,14.256195667870966,16.58077714461351,83.41502061358703,27.880797797724025,63.15741790565374,54.7121103785748,13.110760375881163
2021-02-14,16.712135334595043,14.867249754997703,17.446147108364833,89.37025437858296,29.039357369591787,68.98223451817528,58.14463804801987,13.472222121384673
2021-02-21,16.934654494767074,14.898302910660394,17.455583979935277,84.70014093299982,29.806780293365364,65.79805610245431,55.7339488987713,13.77751125507696
2021-02-28,16.18110701186438,14.14504352744728,16.310907640072575,74.4899558109147,27.94859696835573,57.16367641380821,50.37149306832076,13.182340041219991
2021-03-07,16.1861513097606,14.056152621024053,16.188528918422247,70.2987627635721,28.089852555842803,54.99909768397021,48.592985037736796,13.245705595049865
2021-03-14,15.936085571577124,13.85214015342547,15.845324445303378,66.72981116217719,27.181606000613943,53.0613256785925,46.43383247340019,13.606824382493308
2021-03-21,15.57458976976591,13.440309336326907,15.440130859324062,61.04493985276963,26.700960266147636,52.5478555001577,44.75953079879,13.222973902128876
2021-03-28,15.581896422818414,13.465478619736855,15.470605031347954,61.342543513680084,26.867794634825408,53.21642843186595,45.64649601640192,13.394557974690821
2021-04-04,15.396797777393056,13.451119012957841,15.354502186406624,64.40714539338605,26.980978635471338,55.24592339151499,46.48670754725627,13.531600447031382
2021-04-11,15.298204331918788,13.14913946341909,15.051644816521131,62.24486366553011,27.00018612381511,52.887964959707865,45.82431430265453,13.345399712057718
2021-04-18,15.122224170602147,12.929201279521433,14.792165434839857,62.325009689976376,27.516546778675753,53.13005346461489,43.80235069527232,13.19409625979502
2021-04-25,15.160501964273909,13.02608835090119,15.05130482213621,62.12105750748637,27.16643290434473,54.81529260231417,44.689577462135325,12.855790283283845
2021-05-02,13.936671568233956,11.868356374617,13.979971326877104,57.56464816213492,24.70947875431553,51.784613901749516,43.45418682745744,11.659726534902484
2021-05-09,13.852539186690793,11.68554791754947,13.74236707661038,53.78196701424336,24.63810878428323,49.47137700947748,40.57089807787437,11.618236319899793
2021-05-16,14.125790472125841,12.044403805294733,14.058052318845446,55.96651460694779,24.7681479702648,52.352836070550886,43.57414660754836,11.813971583306918
2021-05-23,14.08229653747245,11.954278220317928,14.088287034768586,57.79019346367953,24.861080957089854,53.18718318664649,43.618152358444,11.836557814133942
2021-05-30,14.535176865505605,12.47778892242105,14.564216629868973,60.14228723390759,25.35511094880688,56.27029259069533,43.95620771275732,11.877366954957465
2021-06-06,14.469398064040114,12.346120422976533,14.453234194978199,60.4591140247483,25.433390550185667,56.6050986824174,44.128721845863616,11.923962866793511
2021-06-13,14.46627928812935,12.263359261519259,14.347950713582705,61.570333227161264,25.6004982536342,54.86932309249109,43.932510923379375,12.042301915655399
2021-06-20,14.180675404184852,12.405702224191808,14.491679754567047,62.122774913955915,21.552415428641456,54.609912993484286,45.449054954074484,11.60516279598636
2021-06-27,14.525472855107495,12.668591792223161,14.849619662401455,64.64624308929926,22.09071966320052,54.35894076405312,47.13471760000912,11.881686811773351
2021-07-04,14.177739887209523,12.200893695095573,14.422864040472785,65.16519210869575,21.58712053257648,52.904463183163735,46.4660745402919,11.613856375946872
2021-07-11,14.223417302874358,11.970117558859043,14.333793255449624,66.27332364946501,21.922220534988146,50.892930426678106,44.52724599189106,11.441612697274167
2021-07-18,14.379291421220813,11.936087093127457,14.308413344015339,66.27076710053699,22.341180438354414,52.11876216106151,45.497135063662526,11.381681284781324
2021-07-25,14.452059965610164,11.866928251805819,14.296743332491996,67.04127851711516,22.456639957078565,50.38905699689753,44.142631680722346,11.272107852998369
2021-08-01,13.837846386664625,11.066008268841443,13.519444454395968,65.30078670783926,21.67193015457738,44.789467048313234,42.0591550756314,11.026694437547373
2021-08-08,14.053742143842182,11.182146101290652,13.761691771684799,65.79982746516642,22.0241018938343,44.77116531615561,42.23770620747306,11.114502744349595
2021-08-15,14.329193469267599,11.302271733883716,13.864170088325798,62.09593712728695,22.50041973672895,45.83030075968912,41.449094240208446,11.142802259289775
2021-08-22,13.841348757616538,10.87990948584291,13.414988630569784,57.95670275270947,21.485691487099235,41.83120750234644,37.37755928648951,11.068940389741302
2021-08-29,13.956905373500357,10.817339120532356,13.426793384713509,59.232792110349095,21.664165353769476,42.01526313815787,37.56273001094789,11.321303072863563
2021-09-05,13.680767448051933,10.699234170956043,13.030838613493074,53.69865633756963,21.64231738751867,43.1774927439863,34.79565347363044,11.524218673281394
2021-09-12,14.166165408676257,10.974849124551694,13.478142635036706,56.148404372835635,22.692489186839108,43.910185672791464,35.727526468672416,12.294954968927332
2021-09-19,13.814076435124917,10.754015916201068,13.103162802652939,56.07430767980524,21.993166201132965,44.117257338558176,37.00415858917229,12.202448014081558
2021-09-26,13.809826469897057,10.704686581544603,13.077797518288238,56.32316364367059,21.95164714703542,45.11677295106046,37.31694701777822,12.679356750194573
2021-10-03,13.66465892813741,10.849153540194385,13.099357958447367,57.17278716424804,21.062152544241794,47.45538871492856,37.52845584045625,12.766997634906446
2021-10-10,13.769866687514693,11.052767990549656,13.272304404396834,56.97648450251948,20.990261881250117,48.20871515665238,37.63096224682385,12.578483194634472
2021-10-17,13.691696574124958,11.109670473746771,13.260138914765639,57.49202229750429,20.620421507700843,49.69392384396578,36.94499355074337,11.621417854900834
2021-10-24,13.701820384627691,11.11849168036063,13.318943239576308,56.81746581848768,20.617168048652495,49.41332185109051,35.99264601601068,11.572222678695601
2021-10-31,13.687476587969181,11.083300782705853,13.307080814713558,57.86710295416262,20.247402641334304,47.695874884066654,36.191331314986925,12.266387640004616
2021-11-07,13.325443030288518,10.809018659059271,12.988201658684364,57.15230802606343,20.224921095958013,48.739073757927315,35.63336288623765,12.004928074614988
2021-11-14,13.502601782570792,10.846623615550817,13.082123994342163,58.10355154216672,20.681187919063877,47.11476630124263,35.67049815641144,11.913256081768807
2021-11-21,13.571414097691909,10.868412159195149,13.108464868465438,57.78567921897715,20.74163391877136,48.56197280351819,36.413574987534865,11.89331722207313
2021-11-28,13.581319082236076,10.776504467548508,13.023123315081195,58.7233225467689,20.88854891201548,49.76400444708174,36.68196140603932,11.793816904196149
2021-12-05,13.757090316707247,10.92316232959436,13.165783907469642,58.83006737469214,21.191751035389075,50.237045493525905,35.865464933902416,12.343065802708086
2021-12-12,14.000068859964975,11.297161033259547,13.528208178817867,58.591966548055034,21.215211667100178,53.05954105632236,36.62043525719863,12.556105225033285
2021-12-19,13.88467088334848,11.421276454235217,14.062405876057927,59.27643057834173,20.599097146518915,49.75058756469685,34.86419166790192,13.50510611989985
2021-12-26,13.845306237154103,11.460363577880015,14.01071215089999,56.4719198085859,20.530183507930595,51.9512271878016,34.829973833882576,13.64415386107519
2022-01-02,13.932613514382181,11.385706565911113,14.029129722597412,57.00481712252391,20.70746373470515,49.58781060019035,35.432677903779094,13.66570804954511
2022-01-09,13.768710527912297,11.319399240877594,13.819298432108253,52.344785598750754,20.260779513969556,47.48367398953465,33.65131025290494,13.557666026456014
2022-01-16,13.509893756660064,11.016937343248452,13.515531542683476,52.9674126501842,19.952343620619395,45.37644882888564,34.13579408384825,13.08320756756913
2022-01-23,13.524938612069485,11.217217456426836,13.637855409119926,51.42435888945377,19.7047186731981,47.48390866969372,32.057419282038154,13.425022120282952
2022-01-30,12.930796223148404,10.714602343845115,13.068495954471787,49.71737566716756,18.593459840932855,44.982338109366715,29.958519255588854,12.85998909349495
2022-02-06,12.930796223148404,10.714602343845115,13.069447239532746,49.71737566716756,18.593459840932855,44.982338109366715,29.958519255588854,12.85998909349495
2022-02-13,13.385993621544888,11.185425338516758,13.366137339808677,45.41877111789158,19.172392777369645,44.60676818875751,28.823711989138122,13.839137174858449
2022-02-20,13.447379773372294,11.147070314822425,13.420195634506115,47.284621527011154,19.41675643488714,46.086053898520184,29.979290574132342,13.751314932320838
2022-02-27,13.239409604066577,10.831472991278192,13.169803209152771,47.593245634379116,19.33468747828622,44.24473970814792,30.276738603281874,13.294993134704256
2022-03-06,13.230445978256137,10.832952435857361,13.050819178120298,47.466081849668605,19.29224705064615,43.92556407883379,29.696544383553512,13.642095395615367
2022-03-13,12.628739504517998,10.279773893437662,12.441955335443687,45.09458927474936,18.211322167241857,42.85938704854068,28.731470982776006,13.046512944225984
2022-03-20,12.475272871934292,10.269697838970346,12.324983238032496,46.010047191284464,17.733893845299118,41.12780899113087,28.92033705935048,12.527745277118335
2022-03-27,12.391666835211915,10.157758992171358,12.154991038726237,44.952778293524815,17.35743527809953,40.02338331418577,28.910625053443486,12.627766882512788
2022-04-03,12.651714310693249,10.320753782863616,12.473394945250677,45.84642642045935,18.257241852215795,40.29906975526025,29.2071358374032,14.076743367129582
2022-04-10,12.552737953312068,10.296667527151488,12.394727283597382,44.5825196459154,17.930423203429758,39.68035624838961,28.22379391512917,14.532915225274268
2022-04-17,12.402012231519613,10.282813615685955,12.295692229792808,42.259630681140855,17.44901753064243,41.036697155158926,28.575974060087074,14.306712050541197
2022-04-24,11.962028687759092,9.955068838123207,11.851668882565715,37.0722846969192,16.643374843765017,40.45347404817399,26.22223484718712,14.069132919277477
2022-05-01,11.931269007193091,9.940237721178827,11.856048704850744,39.04551849164513,17.011918660014892,39.13351789545683,27.951534579311705,15.603362262062438
2022-05-08,11.749792530204784,9.560212383056973,11.70475048967736,37.637066696666174,18.699791258332983,37.89514992409382,27.782094055409047,15.38083521919186
2022-05-15,12.057873713708064,9.64023430143559,11.905294213498188,39.75310435590017,19.469416210231934,38.147538295152465,29.04878558733035,15.689418872490567
2022-05-22,12.270769781783807,9.794301162459243,12.125793061526958,40.83357762670605,19.906237073936104,38.543123426554544,28.522483738835778,15.843718158906404
2022-05-29,12.237992142535374,9.735591101850432,11.991862513465101,38.997967691192606,19.862715115762935,37.59204831637103,27.42467650304305,15.903319539735499
2022-06-05,12.48079395374272,9.793768031723143,12.18982131777666,41.34231800743936,20.421263231427883,38.53577107296751,27.63064395117859,15.813700587564608
2022-06-12,12.845824897102117,10.119796854231346,12.594668315051377,43.13476831189793,20.971024995075243,40.63620065010913,28.972772176149352,16.056836750190623
2022-06-19,12.96967598614153,10.574068974435015,12.624188757797205,45.2226410668035,20.67467783012549,42.13157282868622,30.249431850742067,15.586958599462857
2022-06-26,13.093125629582573,10.665828470980173,12.792220196488202,48.60751377198839,20.823200827486414,43.09113679187478,30.86945361929795,15.56047750064798
2022-07-03,13.246904373437316,10.83223827258204,12.949731514970683,47.78323759624003,21.03057111473004,44.279887614487635,31.58290037521343,15.82380521644667
2022-07-10,13.104965686360192,10.68790836639648,12.82481359333122,48.98387789148404,20.89425999193905,43.05574222140088,32.00567409213854,15.86067044093794
2022-07-17,12.589655257247511,10.084164580503668,12.27565928840741,48.06470856852149,20.25181737270364,41.80804429917097,30.68197374616891,15.650902811420561
2022-07-24,12.749882867722341,10.158364613893886,12.290649658026997,47.51191066302461,20.522564161615147,41.91736685401306,30.152348400772876,15.516813981180182
2022-07-31,12.686060368992184,10.002962545120168,12.105844359352167,46.119929711359546,20.42100279984824,40.980545322693935,28.197304981942832,15.358521749676802
2022-08-07,12.599544158308934,9.898318000011326,12.068553671256486,46.372282515864356,20.29316450391937,40.77623348811311,28.787778375129026,15.157967599232936
2022-08-14,12.796800088908707,10.00190563868413,12.157305254447502,46.427569141524124,20.63527749578731,40.77418762716947,28.79093638070279,15.389194811172468
2022-08-21,12.685384607042373,9.834403451974921,12.042804125565489,47.29264603127398,20.55316036425978,39.725541305063146,27.805555602728184,15.507650264268309
2022-08-28,12.58318778669789,9.84844136805169,11.90662630848388,42.64337021298169,20.85017411408032,40.20517914077292,27.320142009404236,15.645073138299823
2022-09-04,12.41100665261141,9.60943503026873,11.67768233685452,42.627127409281115,21.94956385024317,39.3104242698953,28.633349815808483,15.620055999638408
2022-09-11,12.721679083160657,9.789763375494283,11.901187686270841,42.941435942822764,22.601477996292868,38.825636547217165,28.601690718783498,16.230273878455957
2022-09-18,12.23044681290773,9.54199149551882,11.482132828464584,39.62164840813762,21.33377490511489,38.88850582591969,27.00550014179261,15.381684400743248
2022-09-25,12.104960628540407,9.4448897589909,11.364089927750248,38.63031447351857,21.130614325747583,38.42811786698326,25.460200352333015,15.299981205908859
2022-10-02,11.862625774614452,9.364251509978233,11.222478255975929,38.64147839402186,20.561867892240397,39.516896347713974,26.947727608633013,15.018432935651767
2022-10-09,11.863510717558496,9.364277748155093,11.222913485237173,38.64147839402186,20.56212938100375,39.516896347713974,26.948105569214253,15.018719187611161
2022-10-16,12.021834073001562,9.268613439717672,11.28680432405263,41.501622132060255,21.425954863191215,37.284509460476706,29.069364723210313,15.495256453345181
2022-10-23,11.881794389642113,8.947005053578833,11.005606769628988,40.49112207675721,21.08293699916257,34.439254517503876,29.25075858993146,15.316543837265971
2022-10-30,11.429301849526604,8.460037930801498,10.408984387743432,34.966637356369155,21.155996700639125,29.906709930601973,28.21546342047298,14.17315604430576
2022-11-06,12.082167382319337,8.828481326498311,10.945062530554484,38.603065848436295,23.55351715566706,33.28737523041482,30.336833808524606,14.092278511745416
2022-11-13,12.162579710001847,9.020210466210433,11.026998433847155,37.94462612729691,23.559105793797208,33.63809785125131,29.61219760757774,14.176218541096397
2022-11-20,12.23037035812188,9.075504088083177,11.03504830002811,37.70678083010251,23.810759533771478,34.16673966678241,31.343204738726406,14.221839236754635
2022-11-27,12.285652810877822,9.179245849329089,11.102847085853094,36.50573553783316,23.486809547091564,33.00953039476778,29.774685795278426,14.843060122111842
2022-12-04,12.494943835484833,9.383954818266911,11.320919829602792,37.624182030704745,23.795930028165028,35.34759145759832,30.118833512207726,14.929537151702538
2022-12-11,12.720148673394,9.65804561016027,11.656052969713041,38.56015742679766,23.956950691824233,37.53530252349776,30.208767932280946,14.997834359164138
2022-12-18,12.674779950145817,9.468579549609986,11.569408372495618,37.42070438389767,23.65881357524728,36.825888370546586,26.77871905339649,14.179959109723892
2022-12-25,12.22452803022136,9.25771529750736,11.232594179108187,36.17329927356193,22.44453111628098,36.53692820852555,25.692578159992888,13.725712353345653
2023-01-01,12.381136732906937,9.319109648826508,11.34378932369434,37.0881233866694,22.82514246749563,36.017884688036126,26.271894251552936,13.82838744020193
